{"base_lr": 0.0007975951903807616, "lr": 0.0007975951903807616, "data_time": 0.0137730073928833, "grad_norm": 82.53979228973388, "loss": 14.357565593719482, "loss_cls": 0.9226330769062042, "loss_offset": 1.4196061158180238, "loss_depth": 4.202845239639283, "loss_size": 4.079067096710205, "loss_rotsin": 0.5383182683587074, "loss_centerness": 0.6349971258640289, "loss_velo": 0.0868205882795155, "loss_dir": 0.7201395410299302, "loss_attr": 1.7531385433673858, "time": 0.7419616889953613, "epoch": 1, "iter": 50, "memory": 7522, "step": 50}
{"base_lr": 0.0009311957247828995, "lr": 0.0009311957247828995, "data_time": 0.01085606575012207, "grad_norm": 52.55149236679077, "loss": 13.362419986724854, "loss_cls": 0.8256244587898255, "loss_offset": 1.4293984627723695, "loss_depth": 3.718721480369568, "loss_size": 3.6311574172973633, "loss_rotsin": 0.5400963759422303, "loss_centerness": 0.600618017911911, "loss_velo": 0.06047310457797721, "loss_dir": 0.708476892709732, "loss_attr": 1.8478538775444031, "time": 0.6114994955062866, "epoch": 1, "iter": 100, "memory": 7570, "step": 100}
{"base_lr": 0.0010647962591850378, "lr": 0.0010647962591850378, "data_time": 0.010370640754699708, "grad_norm": 43.38182390213013, "loss": 13.114938011169434, "loss_cls": 0.7738404321670532, "loss_offset": 1.4169688773155213, "loss_depth": 3.4340652865171433, "loss_size": 3.743612296581268, "loss_rotsin": 0.5593818864226341, "loss_centerness": 0.6024758362770081, "loss_velo": 0.08122769409092143, "loss_dir": 0.7119311305880547, "loss_attr": 1.7914346539974213, "time": 0.6111490201950073, "epoch": 1, "iter": 150, "memory": 7524, "step": 150}
{"base_lr": 0.0011983967935871756, "lr": 0.0011983967935871756, "data_time": 0.010632295608520508, "grad_norm": 29.94552219390869, "loss": 12.759181756973266, "loss_cls": 0.7593381571769714, "loss_offset": 1.4186125802993774, "loss_depth": 3.157969419956207, "loss_size": 3.6959277510643007, "loss_rotsin": 0.5410825818777084, "loss_centerness": 0.6010553443431854, "loss_velo": 0.07457339880988002, "loss_dir": 0.6964135318994522, "loss_attr": 1.8142090129852295, "time": 0.6119058322906494, "epoch": 1, "iter": 200, "memory": 7522, "step": 200}
{"base_lr": 0.0013319973279893142, "lr": 0.0013319973279893142, "data_time": 0.009948387145996093, "grad_norm": 35.30064876556396, "loss": 13.058238391876221, "loss_cls": 0.7905417430400848, "loss_offset": 1.4070220470428467, "loss_depth": 3.4403265357017516, "loss_size": 3.8825268507003785, "loss_rotsin": 0.507642177939415, "loss_centerness": 0.6022493088245392, "loss_velo": 0.048095632378244775, "loss_dir": 0.701770544052124, "loss_attr": 1.6780636429786682, "time": 0.6110511350631714, "epoch": 1, "iter": 250, "memory": 7557, "step": 250}
