{"lr": 0.0007975951903807616, "data_time": 0.007591972351074219, "grad_norm": 123.44020324707031, "loss": 14.97035545349121, "loss_cls": 0.9696526527404785, "loss_offset": 1.4170871734619142, "loss_depth": 4.691099462509155, "loss_size": 3.9136667120456696, "loss_rotsin": 0.4934616933017969, "loss_centerness": 0.639012063741684, "loss_velo": 0.17306678511551582, "loss_dir": 0.7048791170120239, "loss_attr": 1.9684298574924468, "time": 0.4019830560684204, "epoch": 1, "iter": 50, "memory": 4096, "step": 50}
{"lr": 0.0009311957247828995, "data_time": 0.006371603012084961, "grad_norm": 54.562833824157714, "loss": 11.732949886322022, "loss_cls": 0.8594126904010773, "loss_offset": 1.4127936041355134, "loss_depth": 2.328987958431244, "loss_size": 3.326254680156708, "loss_rotsin": 0.48689540803432463, "loss_centerness": 0.60554722905159, "loss_velo": 0.1711041775659396, "loss_dir": 0.6877795726060867, "loss_attr": 1.8541745615005494, "time": 0.35474760055541993, "epoch": 1, "iter": 100, "memory": 4109, "step": 100}
{"lr": 0.0010647962591850378, "data_time": 0.006148681640625, "grad_norm": 68.9239058303833, "loss": 13.17882848262787, "loss_cls": 0.9052051866054535, "loss_offset": 1.3992007780075073, "loss_depth": 3.7299109864234925, "loss_size": 3.4483066821098327, "loss_rotsin": 0.5397642183303833, "loss_centerness": 0.5913997828960419, "loss_velo": 0.14801416822767352, "loss_dir": 0.7180231046676636, "loss_attr": 1.6990034580230713, "time": 0.35431915760040283, "epoch": 1, "iter": 150, "memory": 4091, "step": 150}
{"lr": 0.0011983967935871756, "data_time": 0.006324653625488281, "grad_norm": 59.25560236930847, "loss": 13.573964083194733, "loss_cls": 0.9032501268386841, "loss_offset": 1.416747386455536, "loss_depth": 3.537310425937176, "loss_size": 3.9434627318382263, "loss_rotsin": 0.527873812019825, "loss_centerness": 0.5881945013999939, "loss_velo": 0.13668270575086353, "loss_dir": 0.7143406465649604, "loss_attr": 1.80610189139843, "time": 0.35812116622924806, "epoch": 1, "iter": 200, "memory": 4109, "step": 200}
{"lr": 0.0013319973279893142, "data_time": 0.005929722785949707, "grad_norm": 55.407170114517214, "loss": 12.686914141774178, "loss_cls": 0.8322579938173295, "loss_offset": 1.435435311794281, "loss_depth": 3.2738235557079314, "loss_size": 3.353632904291153, "loss_rotsin": 0.5280894285440445, "loss_centerness": 0.5848587775230407, "loss_velo": 0.1825339556497056, "loss_dir": 0.7015692448616028, "loss_attr": 1.7947128432989121, "time": 0.3519720983505249, "epoch": 1, "iter": 250, "memory": 4185, "step": 250}
{"lr": 0.001465597862391453, "data_time": 0.006613736152648926, "grad_norm": 49.662190170288085, "loss": 11.477446327209472, "loss_cls": 0.829067611694336, "loss_offset": 1.4553650975227357, "loss_depth": 2.199836785495281, "loss_size": 3.0571810531616213, "loss_rotsin": 0.5825642395019531, "loss_centerness": 0.5981214338541031, "loss_velo": 0.13184604545647743, "loss_dir": 0.719794578552246, "loss_attr": 1.9036694520711899, "time": 0.36136277198791505, "epoch": 1, "iter": 300, "memory": 4073, "step": 300}
{"lr": 0.0015991983967935921, "data_time": 0.006166057586669922, "grad_norm": 32.68060067176819, "loss": 14.078941745758057, "loss_cls": 0.8093473291397095, "loss_offset": 1.4172907400131225, "loss_depth": 4.41442572414875, "loss_size": 3.4977721175551415, "loss_rotsin": 0.6045188307762146, "loss_centerness": 0.6016115939617157, "loss_velo": 0.1999100734991953, "loss_dir": 0.7089584463834763, "loss_attr": 1.8251068091392517, "time": 0.3575247240066528, "epoch": 1, "iter": 350, "memory": 4180, "step": 350}
{"lr": 0.0017327989311957306, "data_time": 0.006112442016601562, "grad_norm": 26.08867688179016, "loss": 14.10363250732422, "loss_cls": 0.756020650267601, "loss_offset": 1.4186811900138856, "loss_depth": 4.889828727245331, "loss_size": 3.23539835691452, "loss_rotsin": 0.5544599148631096, "loss_centerness": 0.599110690355301, "loss_velo": 0.21741280809568708, "loss_dir": 0.7240498182177544, "loss_attr": 1.7086703491210937, "time": 0.3543338108062744, "epoch": 1, "iter": 400, "memory": 4078, "step": 400}
{"NuScenes metric/pred_instances_3d_NuScenes/car_AP_dist_0.5": 0.0, "NuScenes metric/pred_instances_3d_NuScenes/car_AP_dist_1.0": 0.0, "NuScenes metric/pred_instances_3d_NuScenes/car_AP_dist_2.0": 0.0, "NuScenes metric/pred_instances_3d_NuScenes/car_AP_dist_4.0": 0.0, "NuScenes metric/pred_instances_3d_NuScenes/car_trans_err": 1.0, "NuScenes metric/pred_instances_3d_NuScenes/car_scale_err": 1.0, "NuScenes metric/pred_instances_3d_NuScenes/car_orient_err": 1.0, "NuScenes metric/pred_instances_3d_NuScenes/car_vel_err": 1.0, "NuScenes metric/pred_instances_3d_NuScenes/car_attr_err": 1.0, "NuScenes metric/pred_instances_3d_NuScenes/mATE": 1.028, "NuScenes metric/pred_instances_3d_NuScenes/mASE": 0.982, "NuScenes metric/pred_instances_3d_NuScenes/mAOE": 1.1187, "NuScenes metric/pred_instances_3d_NuScenes/mAVE": 0.8885, "NuScenes metric/pred_instances_3d_NuScenes/mAAE": 1.0, "NuScenes metric/pred_instances_3d_NuScenes/truck_AP_dist_0.5": 0.0, "NuScenes metric/pred_instances_3d_NuScenes/truck_AP_dist_1.0": 0.0, "NuScenes metric/pred_instances_3d_NuScenes/truck_AP_dist_2.0": 0.0, "NuScenes metric/pred_instances_3d_NuScenes/truck_AP_dist_4.0": 0.0, "NuScenes metric/pred_instances_3d_NuScenes/truck_trans_err": 1.2804, "NuScenes metric/pred_instances_3d_NuScenes/truck_scale_err": 0.8195, "NuScenes metric/pred_instances_3d_NuScenes/truck_orient_err": 2.0679, "NuScenes metric/pred_instances_3d_NuScenes/truck_vel_err": 0.1082, "NuScenes metric/pred_instances_3d_NuScenes/truck_attr_err": 1.0, "NuScenes metric/pred_instances_3d_NuScenes/trailer_AP_dist_0.5": 0.0, "NuScenes metric/pred_instances_3d_NuScenes/trailer_AP_dist_1.0": 0.0, "NuScenes metric/pred_instances_3d_NuScenes/trailer_AP_dist_2.0": 0.0, "NuScenes metric/pred_instances_3d_NuScenes/trailer_AP_dist_4.0": 0.0, "NuScenes metric/pred_instances_3d_NuScenes/trailer_trans_err": 1.0, "NuScenes metric/pred_instances_3d_NuScenes/trailer_scale_err": 1.0, "NuScenes metric/pred_instances_3d_NuScenes/trailer_orient_err": 1.0, "NuScenes metric/pred_instances_3d_NuScenes/trailer_vel_err": 1.0, "NuScenes metric/pred_instances_3d_NuScenes/trailer_attr_err": 1.0, "NuScenes metric/pred_instances_3d_NuScenes/bus_AP_dist_0.5": 0.0, "NuScenes metric/pred_instances_3d_NuScenes/bus_AP_dist_1.0": 0.0, "NuScenes metric/pred_instances_3d_NuScenes/bus_AP_dist_2.0": 0.0, "NuScenes metric/pred_instances_3d_NuScenes/bus_AP_dist_4.0": 0.0, "NuScenes metric/pred_instances_3d_NuScenes/bus_trans_err": 1.0, "NuScenes metric/pred_instances_3d_NuScenes/bus_scale_err": 1.0, "NuScenes metric/pred_instances_3d_NuScenes/bus_orient_err": 1.0, "NuScenes metric/pred_instances_3d_NuScenes/bus_vel_err": 1.0, "NuScenes metric/pred_instances_3d_NuScenes/bus_attr_err": 1.0, "NuScenes metric/pred_instances_3d_NuScenes/construction_vehicle_AP_dist_0.5": 0.0, "NuScenes metric/pred_instances_3d_NuScenes/construction_vehicle_AP_dist_1.0": 0.0, "NuScenes metric/pred_instances_3d_NuScenes/construction_vehicle_AP_dist_2.0": 0.0, "NuScenes metric/pred_instances_3d_NuScenes/construction_vehicle_AP_dist_4.0": 0.0, "NuScenes metric/pred_instances_3d_NuScenes/construction_vehicle_trans_err": 1.0, "NuScenes metric/pred_instances_3d_NuScenes/construction_vehicle_scale_err": 1.0, "NuScenes metric/pred_instances_3d_NuScenes/construction_vehicle_orient_err": 1.0, "NuScenes metric/pred_instances_3d_NuScenes/construction_vehicle_vel_err": 1.0, "NuScenes metric/pred_instances_3d_NuScenes/construction_vehicle_attr_err": 1.0, "NuScenes metric/pred_instances_3d_NuScenes/bicycle_AP_dist_0.5": 0.0, "NuScenes metric/pred_instances_3d_NuScenes/bicycle_AP_dist_1.0": 0.0, "NuScenes metric/pred_instances_3d_NuScenes/bicycle_AP_dist_2.0": 0.0, "NuScenes metric/pred_instances_3d_NuScenes/bicycle_AP_dist_4.0": 0.0, "NuScenes metric/pred_instances_3d_NuScenes/bicycle_trans_err": 1.0,